<!-- edited with XMLSpy v2013 (http://www.altova.com) by  () -->
<Config>
	<mission id="0" enemyId="100012" bulletID="1" barrageID="-1" bulletInt="-1" camType="1" moveType="17" moveSpeed="680" posx="1354" posy="2356" actType="102" angle="270" entryX="1254" entryY="2406" position="6"/>
	<mission id="0" enemyId="100012" bulletID="1" barrageID="-1" bulletInt="-1" camType="1" moveType="17" moveSpeed="680" posx="1374" posy="2356" actType="102" angle="270" entryX="1274" entryY="3006" position="-14"/>
	<mission id="0" enemyId="100012" bulletID="1" barrageID="-1" bulletInt="-1" camType="1" moveType="17" moveSpeed="680" posx="1394" posy="2356" actType="102" angle="270" entryX="1294" entryY="3606" position="-34"/>
	<mission id="0" enemyId="100012" bulletID="1" barrageID="-1" bulletInt="-1" camType="1" moveType="17" moveSpeed="680" posx="1414" posy="2356" actType="102" angle="270" entryX="1314" entryY="4206" position="-54"/>
	<mission id="0" enemyId="100012" bulletID="1" barrageID="-1" bulletInt="-1" camType="1" moveType="17" moveSpeed="680" posx="1424" posy="2356" actType="102" angle="270" entryX="1324" entryY="4806" position="-74"/>
	<mission id="0" enemyId="100012" bulletID="1" barrageID="-1" bulletInt="-1" camType="1" moveType="18" moveSpeed="680" posx="1450" posy="2775" actType="102" angle="270" entryX="1443" entryY="3295" position="-80"/>
	<mission id="0" enemyId="100012" bulletID="1" barrageID="-1" bulletInt="-1" camType="1" moveType="18" moveSpeed="680" posx="1470" posy="2775" actType="102" angle="270" entryX="1443" entryY="3895" position="-100"/>
	<mission id="0" enemyId="100012" bulletID="1" barrageID="-1" bulletInt="-1" camType="1" moveType="18" moveSpeed="680" posx="1490" posy="2775" actType="102" angle="270" entryX="1443" entryY="4495" position="-120"/>
	<mission id="0" enemyId="100012" bulletID="1" barrageID="-1" bulletInt="-1" camType="1" moveType="18" moveSpeed="680" posx="1510" posy="2775" actType="102" angle="270" entryX="1443" entryY="5095" position="-140"/>
	<mission id="0" enemyId="100012" bulletID="1" barrageID="-1" bulletInt="-1" camType="1" moveType="18" moveSpeed="680" posx="1530" posy="2775" actType="102" angle="270" entryX="1443" entryY="5695" position="-160"/>
	<mission id="0" enemyId="100012" bulletID="1" barrageID="-1" bulletInt="-1" camType="1" moveType="18" moveSpeed="680" posx="1550" posy="2775" actType="102" angle="270" entryX="1443" entryY="6295" position="-180"/>
	<mission id="0" enemyId="100012" bulletID="1" barrageID="-1" bulletInt="-1" camType="1" moveType="15" moveSpeed="680" posx="2250" posy="3039" actType="102" angle="270" entryX="2619" entryY="2939" position="-1790"/>
	<mission id="0" enemyId="100012" bulletID="1" barrageID="-1" bulletInt="-1" camType="1" moveType="15" moveSpeed="680" posx="2250" posy="3039" actType="102" angle="270" entryX="2619" entryY="3039" position="-1810"/>
	<mission id="0" enemyId="100012" bulletID="1" barrageID="-1" bulletInt="-1" camType="1" moveType="15" moveSpeed="680" posx="2250" posy="3039" actType="102" angle="270" entryX="2619" entryY="3139" position="-1830"/>
	<mission id="0" enemyId="100012" bulletID="1" barrageID="-1" bulletInt="-1" camType="1" moveType="15" moveSpeed="680" posx="2250" posy="3039" actType="102" angle="270" entryX="2619" entryY="3239" position="-1850"/>
	<mission id="0" enemyId="100012" bulletID="1" barrageID="-1" bulletInt="-1" camType="1" moveType="15" moveSpeed="680" posx="2250" posy="3039" actType="102" angle="270" entryX="2619" entryY="3339" position="-1870"/>
	<mission id="0" enemyId="100012" bulletID="1" barrageID="-1" bulletInt="-1" camType="1" moveType="14" moveSpeed="680" posx="2850" posy="2120" actType="102" angle="270" entryX="2850" entryY="2177" position="-1930"/>
	<mission id="0" enemyId="100012" bulletID="1" barrageID="-1" bulletInt="-1" camType="1" moveType="14" moveSpeed="680" posx="2850" posy="2120" actType="102" angle="270" entryX="2850" entryY="2277" position="-1910"/>
	<mission id="0" enemyId="100012" bulletID="1" barrageID="-1" bulletInt="-1" camType="1" moveType="14" moveSpeed="680" posx="2850" posy="2120" actType="102" angle="270" entryX="2850" entryY="2377" position="-1890"/>
	<mission id="0" enemyId="100012" bulletID="1" barrageID="-1" bulletInt="-1" camType="1" moveType="14" moveSpeed="680" posx="2850" posy="2120" actType="102" angle="270" entryX="2850" entryY="2477" position="-1870"/>
	<mission id="0" enemyId="100012" bulletID="1" barrageID="-1" bulletInt="-1" camType="1" moveType="14" moveSpeed="680" posx="2850" posy="2120" actType="102" angle="270" entryX="2850" entryY="2577" position="-1850"/>
	<mission id="0" enemyId="100012" bulletID="1" barrageID="-1" bulletInt="-1" camType="1" moveType="1" moveSpeed="550" posx="2938" posy="2328" actType="102" angle="270" entryX="2938" entryY="2328" position="-1555"/>
	<mission id="0" enemyId="100012" bulletID="1" barrageID="-1" bulletInt="-1" camType="1" moveType="1" moveSpeed="550" posx="2961" posy="2408" actType="102" angle="270" entryX="2961" entryY="2408" position="-1555"/>
	<mission id="0" enemyId="100012" bulletID="1" barrageID="-1" bulletInt="-1" camType="1" moveType="1" moveSpeed="550" posx="2987" posy="2498" actType="102" angle="270" entryX="2987" entryY="2498" position="-1555"/>
	<mission id="0" enemyId="100012" bulletID="1" barrageID="-1" bulletInt="-1" camType="1" moveType="1" moveSpeed="550" posx="3005" posy="2564" actType="102" angle="270" entryX="3005" entryY="2564" position="-1555"/>
	<mission id="0" enemyId="100012" bulletID="1" barrageID="-1" bulletInt="-1" camType="0" moveType="1" moveSpeed="550" posx="3212" posy="2340" actType="102" angle="270" entryX="3033" entryY="2625" position="-1575"/>
	<mission id="0" enemyId="100012" bulletID="1" barrageID="-1" bulletInt="-1" camType="1" moveType="1" moveSpeed="550" posx="3172" posy="2414" actType="102" angle="270" entryX="3086" entryY="2332" position="-1575"/>
	<mission id="0" enemyId="100012" bulletID="1" barrageID="-1" bulletInt="-1" camType="1" moveType="1" moveSpeed="550" posx="3150" posy="2510" actType="102" angle="270" entryX="3064" entryY="2409" position="-1575"/>
	<mission id="0" enemyId="100012" bulletID="1" barrageID="-1" bulletInt="-1" camType="1" moveType="1" moveSpeed="550" posx="3119" posy="2588" actType="102" angle="270" entryX="3045" entryY="2490" position="-1575"/>
	<mission id="0" enemyId="100012" bulletID="1" barrageID="-1" bulletInt="-1" camType="1" moveType="1" moveSpeed="550" posx="3246" posy="2271" actType="102" angle="270" entryX="2979" entryY="2579" position="-1575"/>
	<mission id="0" enemyId="100012" bulletID="1" barrageID="-1" bulletInt="-1" camType="1" moveType="12" moveSpeed="160" posx="2826" posy="2119" actType="102" angle="225" entryX="3273" entryY="2160" position="-2344"/>
	<mission id="0" enemyId="100012" bulletID="1" barrageID="-1" bulletInt="-1" camType="1" moveType="12" moveSpeed="160" posx="2926" posy="2119" actType="102" angle="225" entryX="3337" entryY="2161" position="-2344"/>
	<mission id="0" enemyId="100012" bulletID="1" barrageID="-1" bulletInt="-1" camType="1" moveType="12" moveSpeed="160" posx="3026" posy="2119" actType="102" angle="225" entryX="3397" entryY="2160" position="-2344"/>
	<mission id="0" enemyId="100012" bulletID="1" barrageID="-1" bulletInt="-1" camType="1" moveType="12" moveSpeed="160" posx="3126" posy="2119" actType="102" angle="225" entryX="3463" entryY="2161" position="-2344"/>
	<mission id="0" enemyId="100012" bulletID="1" barrageID="-1" bulletInt="-1" camType="1" moveType="12" moveSpeed="160" posx="3226" posy="2119" actType="102" angle="225" entryX="3521" entryY="2161" position="-2344"/>
	<mission id="0" enemyId="100012" bulletID="1" barrageID="-1" bulletInt="-1" camType="1" moveType="13" moveSpeed="10" posx="2600" posy="3000" actType="102" angle="0" entryX="3449" entryY="2612" position="-2055"/>
	<mission id="0" enemyId="100012" bulletID="1" barrageID="-1" bulletInt="-1" camType="1" moveType="13" moveSpeed="10" posx="2670" posy="3030" actType="102" angle="0" entryX="3525" entryY="2648" position="-2075"/>
	<mission id="0" enemyId="100012" bulletID="1" barrageID="-1" bulletInt="-1" camType="1" moveType="13" moveSpeed="10" posx="2740" posy="3060" actType="102" angle="0" entryX="3603" entryY="2684" position="-2095"/>
	<mission id="0" enemyId="100012" bulletID="1" barrageID="-1" bulletInt="-1" camType="1" moveType="13" moveSpeed="10" posx="2810" posy="3090" actType="102" angle="0" entryX="3678" entryY="2711" position="-2115"/>
	<mission id="0" enemyId="100012" bulletID="1" barrageID="-1" bulletInt="-1" camType="1" moveType="13" moveSpeed="10" posx="2880" posy="3120" actType="102" angle="0" entryX="3754" entryY="2743" position="-2135"/>
	<mission id="0" enemyId="200003" bulletID="7" barrageID="23" bulletInt="-1" camType="1" moveType="15" moveSpeed="10" posx="3280" posy="3000" actType="102" angle="0" entryX="3618" entryY="3120" position="-2519"/>
	<mission id="0" enemyId="200008" bulletID="7" barrageID="30" bulletInt="-1" camType="1" moveType="9" moveSpeed="2500" posx="1840" posy="3000" actType="102" angle="0" entryX="2594" entryY="2238" position="-950"/>
	<mission id="0" enemyId="100012" bulletID="1" barrageID="-1" bulletInt="-1" camType="1" moveType="1" moveSpeed="800" posx="1905" posy="2853" actType="102" angle="300" entryX="1905" entryY="2853" position="-450"/>
	<mission id="0" enemyId="100012" bulletID="1" barrageID="-1" bulletInt="-1" camType="1" moveType="1" moveSpeed="800" posx="1890" posy="2940" actType="102" angle="300" entryX="1890" entryY="2940" position="-450"/>
	<mission id="0" enemyId="100012" bulletID="1" barrageID="-1" bulletInt="-1" camType="1" moveType="1" moveSpeed="800" posx="1840" posy="3015" actType="102" angle="300" entryX="1840" entryY="3015" position="-450"/>
	<mission id="0" enemyId="100012" bulletID="1" barrageID="-1" bulletInt="-1" camType="1" moveType="1" moveSpeed="800" posx="1753" posy="3047" actType="102" angle="300" entryX="1753" entryY="3047" position="-450"/>
	<mission id="0" enemyId="100012" bulletID="1" barrageID="-1" bulletInt="-1" camType="1" moveType="1" moveSpeed="800" posx="1661" posy="3066" actType="102" angle="300" entryX="1661" entryY="3066" position="-450"/>
	<mission id="0" enemyId="100012" bulletID="1" barrageID="-1" bulletInt="-1" camType="1" moveType="1" moveSpeed="800" posx="1573" posy="3089" actType="102" angle="300" entryX="1573" entryY="3089" position="-450"/>
	<mission id="0" enemyId="100012" bulletID="1" barrageID="-1" bulletInt="-1" camType="1" moveType="1" moveSpeed="800" posx="1944" posy="2773" actType="102" angle="300" entryX="1944" entryY="2773" position="-450"/>
	<mission id="0" enemyId="100012" bulletID="1" barrageID="-1" bulletInt="-1" camType="1" moveType="1" moveSpeed="800" posx="1726" posy="3145" actType="102" angle="300" entryX="1726" entryY="3145" position="-450"/>
	<mission id="0" enemyId="100012" bulletID="1" barrageID="-1" bulletInt="-1" camType="1" moveType="1" moveSpeed="800" posx="1841" posy="3140" actType="102" angle="300" entryX="1841" entryY="3140" position="-450"/>
	<mission id="0" enemyId="100012" bulletID="1" barrageID="-1" bulletInt="-1" camType="1" moveType="1" moveSpeed="800" posx="1953" posy="3086" actType="102" angle="300" entryX="1953" entryY="3086" position="-450"/>
	<mission id="0" enemyId="100012" bulletID="1" barrageID="-1" bulletInt="-1" camType="1" moveType="1" moveSpeed="800" posx="2022" posy="3008" actType="102" angle="300" entryX="2022" entryY="3008" position="-450"/>
	<mission id="0" enemyId="100012" bulletID="1" barrageID="-1" bulletInt="-1" camType="1" moveType="1" moveSpeed="800" posx="2033" posy="2918" actType="102" angle="300" entryX="2033" entryY="2918" position="-450"/>
	<mission id="0" enemyId="100012" bulletID="1" barrageID="-1" bulletInt="-1" camType="1" moveType="1" moveSpeed="800" posx="1867" posy="3229" actType="102" angle="300" entryX="1867" entryY="3229" position="-450"/>
	<mission id="0" enemyId="100012" bulletID="1" barrageID="-1" bulletInt="-1" camType="1" moveType="17" moveSpeed="800" posx="2004" posy="3162" actType="102" angle="300" entryX="2004" entryY="3162" position="-450"/>
	<mission id="0" enemyId="100012" bulletID="1" barrageID="-1" bulletInt="-1" camType="1" moveType="1" moveSpeed="800" posx="1953" posy="2290" actType="102" angle="250" entryX="1953" entryY="2290" position="-650"/>
	<mission id="0" enemyId="100012" bulletID="1" barrageID="-1" bulletInt="-1" camType="1" moveType="1" moveSpeed="800" posx="2092" posy="1981" actType="102" angle="250" entryX="2092" entryY="1981" position="-650"/>
	<mission id="0" enemyId="100012" bulletID="1" barrageID="-1" bulletInt="-1" camType="1" moveType="1" moveSpeed="800" posx="2138" posy="2064" actType="102" angle="250" entryX="2138" entryY="2064" position="-650"/>
	<mission id="0" enemyId="100012" bulletID="1" barrageID="-1" bulletInt="-1" camType="1" moveType="1" moveSpeed="800" posx="1888" posy="1974" actType="102" angle="250" entryX="1888" entryY="1974" position="-650"/>
	<mission id="0" enemyId="100012" bulletID="1" barrageID="-1" bulletInt="-1" camType="1" moveType="1" moveSpeed="800" posx="1866" posy="2342" actType="102" angle="250" entryX="1866" entryY="2342" position="-650"/>
	<mission id="0" enemyId="100012" bulletID="1" barrageID="-1" bulletInt="-1" camType="1" moveType="1" moveSpeed="800" posx="1932" posy="2046" actType="102" angle="250" entryX="1932" entryY="2046" position="-650"/>
	<mission id="0" enemyId="100012" bulletID="1" barrageID="-1" bulletInt="-1" camType="1" moveType="1" moveSpeed="800" posx="2003" posy="2119" actType="102" angle="250" entryX="2003" entryY="2119" position="-650"/>
	<mission id="0" enemyId="100012" bulletID="1" barrageID="-1" bulletInt="-1" camType="1" moveType="1" moveSpeed="800" posx="2035" posy="2050" actType="102" angle="250" entryX="2035" entryY="2050" position="-650"/>
	<mission id="0" enemyId="100012" bulletID="1" barrageID="-1" bulletInt="-1" camType="1" moveType="1" moveSpeed="800" posx="1989" posy="1960" actType="102" angle="250" entryX="1989" entryY="1960" position="-650"/>
	<mission id="0" enemyId="100012" bulletID="1" barrageID="-1" bulletInt="-1" camType="1" moveType="1" moveSpeed="800" posx="2062" posy="2207" actType="102" angle="250" entryX="2062" entryY="2207" position="-650"/>
	<mission id="0" enemyId="100012" bulletID="1" barrageID="-1" bulletInt="-1" camType="1" moveType="1" moveSpeed="800" posx="2129" posy="2147" actType="102" angle="250" entryX="2129" entryY="2147" position="-650"/>
	<mission id="0" enemyId="100012" bulletID="1" barrageID="-1" bulletInt="-1" camType="1" moveType="1" moveSpeed="800" posx="1976" posy="2220" actType="102" angle="250" entryX="1976" entryY="2220" position="-650"/>
	<mission id="0" enemyId="100012" bulletID="1" barrageID="-1" bulletInt="-1" camType="1" moveType="1" moveSpeed="800" posx="1796" posy="1965" actType="102" angle="250" entryX="1796" entryY="1965" position="-650"/>
	<mission id="0" enemyId="200008" bulletID="7" barrageID="30" bulletInt="-1" camType="1" moveType="8" moveSpeed="10" posx="5945" posy="2071" actType="102" angle="0" entryX="6262" entryY="2192" position="-4871"/>
	<mission id="0" enemyId="200008" bulletID="7" barrageID="30" bulletInt="-1" camType="1" moveType="9" moveSpeed="10" posx="5945" posy="2985" actType="102" angle="0" entryX="6512" entryY="2794" position="-5130"/>
	<mission id="0" enemyId="100014" bulletID="3" barrageID="4" bulletInt="-1" camType="1" moveType="11" moveSpeed="10" posx="5745" posy="2985" actType="102" angle="0" entryX="7160" entryY="2887" position="-5597"/>
	<mission id="0" enemyId="100014" bulletID="9" barrageID="-1" bulletInt="-1" camType="1" moveType="11" moveSpeed="10" posx="5745" posy="2985" actType="102" angle="0" entryX="7160" entryY="2987" position="-5617"/>
	<mission id="0" enemyId="100014" bulletID="9" barrageID="-1" bulletInt="-1" camType="1" moveType="11" moveSpeed="10" posx="5745" posy="2985" actType="102" angle="0" entryX="7160" entryY="3087" position="-5637"/>
	<mission id="0" enemyId="100014" bulletID="3" barrageID="4" bulletInt="-1" camType="1" moveType="11" moveSpeed="10" posx="5745" posy="2985" actType="102" angle="0" entryX="7160" entryY="3187" position="-5657"/>
	<mission id="0" enemyId="100014" bulletID="3" barrageID="4" bulletInt="-1" camType="1" moveType="10" moveSpeed="10" posx="5745" posy="2071" actType="102" angle="0" entryX="7171" entryY="2195" position="-5597"/>
	<mission id="0" enemyId="100014" bulletID="9" barrageID="-1" bulletInt="-1" camType="1" moveType="10" moveSpeed="10" posx="5745" posy="2071" actType="102" angle="0" entryX="7171" entryY="2295" position="-5617"/>
	<mission id="0" enemyId="100014" bulletID="9" barrageID="-1" bulletInt="-1" camType="1" moveType="10" moveSpeed="10" posx="5745" posy="2071" actType="102" angle="0" entryX="7171" entryY="2395" position="-5637"/>
	<mission id="0" enemyId="100014" bulletID="3" barrageID="4" bulletInt="-1" camType="1" moveType="10" moveSpeed="10" posx="5745" posy="2071" actType="102" angle="0" entryX="7171" entryY="2495" position="-5657"/>
	<mission id="0" enemyId="400002" bulletID="7" barrageID="11" bulletInt="-1" camType="1" moveType="15" moveSpeed="10" posx="6761" posy="2982" actType="102" angle="0" entryX="7161" entryY="2982" position="-6081"/>
	<mission id="0" enemyId="400002" bulletID="7" barrageID="11" bulletInt="-1" camType="1" moveType="15" moveSpeed="10" posx="6861" posy="2982" actType="102" angle="0" entryX="7261" entryY="2982" position="-6101"/>
	<mission id="0" enemyId="400002" bulletID="7" barrageID="11" bulletInt="-1" camType="1" moveType="15" moveSpeed="10" posx="6961" posy="2982" actType="102" angle="0" entryX="7361" entryY="2982" position="-6121"/>
	<mission id="0" enemyId="400002" bulletID="7" barrageID="11" bulletInt="-1" camType="1" moveType="15" moveSpeed="10" posx="7061" posy="2982" actType="102" angle="0" entryX="7461" entryY="2982" position="-6141"/>
	<mission id="0" enemyId="400002" bulletID="7" barrageID="11" bulletInt="-1" camType="1" moveType="14" moveSpeed="10" posx="6761" posy="2084" actType="102" angle="0" entryX="7161" entryY="2084" position="-6081"/>
	<mission id="0" enemyId="400002" bulletID="7" barrageID="11" bulletInt="-1" camType="1" moveType="14" moveSpeed="10" posx="6861" posy="2084" actType="102" angle="0" entryX="7261" entryY="2084" position="-6101"/>
	<mission id="0" enemyId="400002" bulletID="7" barrageID="11" bulletInt="-1" camType="1" moveType="14" moveSpeed="10" posx="6961" posy="2084" actType="102" angle="0" entryX="7361" entryY="2084" position="-6121"/>
	<mission id="0" enemyId="400002" bulletID="7" barrageID="11" bulletInt="-1" camType="1" moveType="14" moveSpeed="10" posx="7061" posy="2084" actType="102" angle="0" entryX="7461" entryY="2084" position="-6141"/>
	<mission id="0" enemyId="300015" bulletID="5" barrageID="-1" bulletInt="-1" camType="2" moveType="-1" moveSpeed="0" posx="19471" posy="2421" actType="202" angle="0" entryX="19471" entryY="2421" position="-18711"/>
	<mission id="0" enemyId="200005" bulletID="10" barrageID="20" bulletInt="-1" camType="2" moveType="3" moveSpeed="150" posx="7807" posy="2395" actType="108" angle="0" entryX="7607" entryY="2395" position="-7089"/>
	<mission id="0" enemyId="300007" bulletID="8" barrageID="24" bulletInt="-1" camType="1" moveType="38" moveSpeed="10" posx="10800" posy="1610" actType="102" angle="0" entryX="11078" entryY="1410" position="-9617"/>
	<mission id="0" enemyId="300007" bulletID="8" barrageID="24" bulletInt="-1" camType="1" moveType="21" moveSpeed="10" posx="13111" posy="832" actType="102" angle="0" entryX="11078" entryY="1410" position="-11749"/>
	<mission id="0" enemyId="100019" bulletID="5" barrageID="32" bulletInt="-1" camType="1" moveType="21" moveSpeed="10" posx="1210" posy="2195" actType="102" angle="0" entryX="4886" entryY="2774" position="-135"/>
	<mission id="0" enemyId="400001" bulletID="4" barrageID="16" bulletInt="-1" camType="1" moveType="46" moveSpeed="10" posx="1649" posy="2793" actType="102" angle="0" entryX="4886" entryY="2774" position="-1100"/>
	<mission id="0" enemyId="100019" bulletID="5" barrageID="32" bulletInt="-1" camType="1" moveType="47" moveSpeed="250" posx="3893" posy="2260" actType="102" angle="270" entryX="4886" entryY="2774" position="-2552"/>
	<mission id="0" enemyId="100019" bulletID="5" barrageID="32" bulletInt="-1" camType="1" moveType="47" moveSpeed="250" posx="3893" posy="2829" actType="102" angle="270" entryX="4886" entryY="2774" position="-2552"/>
	<mission id="0" enemyId="100014" bulletID="1" barrageID="-1" bulletInt="-1" camType="1" moveType="24" moveSpeed="10" posx="4850" posy="2517" actType="102" angle="0" entryX="7161" entryY="2982" position="-3917"/>
	<mission id="0" enemyId="100014" bulletID="1" barrageID="-1" bulletInt="-1" camType="1" moveType="48" moveSpeed="10" posx="4900" posy="2517" actType="102" angle="0" entryX="7161" entryY="2982" position="-3967"/>
	<mission id="0" enemyId="100014" bulletID="1" barrageID="-1" bulletInt="-1" camType="1" moveType="24" moveSpeed="10" posx="4950" posy="2517" actType="102" angle="0" entryX="7161" entryY="2982" position="-4017"/>
	<mission id="0" enemyId="100014" bulletID="1" barrageID="-1" bulletInt="-1" camType="1" moveType="48" moveSpeed="10" posx="5000" posy="2517" actType="102" angle="0" entryX="7161" entryY="2982" position="-4067"/>
	<mission id="0" enemyId="100014" bulletID="1" barrageID="-1" bulletInt="-1" camType="1" moveType="24" moveSpeed="10" posx="5050" posy="2517" actType="102" angle="0" entryX="7161" entryY="2982" position="-4117"/>
	<mission id="0" enemyId="100014" bulletID="1" barrageID="-1" bulletInt="-1" camType="1" moveType="48" moveSpeed="10" posx="5100" posy="2517" actType="102" angle="0" entryX="7161" entryY="2982" position="-4167"/>
	<mission id="0" enemyId="100014" bulletID="1" barrageID="-1" bulletInt="-1" camType="1" moveType="24" moveSpeed="10" posx="5150" posy="2517" actType="102" angle="0" entryX="7161" entryY="2982" position="-4217"/>
	<mission id="0" enemyId="100014" bulletID="1" barrageID="-1" bulletInt="-1" camType="1" moveType="48" moveSpeed="10" posx="5200" posy="2517" actType="102" angle="0" entryX="7161" entryY="2982" position="-4267"/>
	<mission id="0" enemyId="100014" bulletID="1" barrageID="-1" bulletInt="-1" camType="1" moveType="24" moveSpeed="10" posx="5250" posy="2517" actType="102" angle="0" entryX="7161" entryY="2982" position="-4317"/>
	<mission id="0" enemyId="100014" bulletID="1" barrageID="-1" bulletInt="-1" camType="1" moveType="48" moveSpeed="10" posx="5300" posy="2517" actType="102" angle="0" entryX="7161" entryY="2982" position="-4367"/>
	<mission id="0" enemyId="100014" bulletID="1" barrageID="-1" bulletInt="-1" camType="1" moveType="24" moveSpeed="10" posx="5350" posy="2517" actType="102" angle="0" entryX="7161" entryY="2982" position="-4417"/>
	<mission id="0" enemyId="100014" bulletID="1" barrageID="-1" bulletInt="-1" camType="1" moveType="48" moveSpeed="10" posx="5400" posy="2517" actType="102" angle="0" entryX="7161" entryY="2982" position="-4467"/>
	<mission id="0" enemyId="100019" bulletID="5" barrageID="32" bulletInt="-1" camType="1" moveType="47" moveSpeed="10" posx="8450" posy="2800" actType="102" angle="0" entryX="4886" entryY="2774" position="-7080"/>
	<mission id="0" enemyId="100019" bulletID="5" barrageID="32" bulletInt="-1" camType="1" moveType="47" moveSpeed="10" posx="8450" posy="2300" actType="102" angle="0" entryX="4886" entryY="2774" position="-7080"/>
	
	<mission id="0" enemyId="100022" bulletID="3" barrageID="5" bulletInt="-1" camType="1" moveType="38" moveSpeed="10" posx="2434" posy="2320" actType="102" angle="0" entryX="4886" entryY="2774" position="-1080"/>
</Config>
