<!-- edited with XMLSpy v2013 (http://www.altova.com) by  () -->
<Config>
	<mission id="0" enemyId="200008" bulletID="7" barrageID="-1" camType="1" moveType="9" moveSpeed="2500" posx="2594" posy="2238" actType="102" angle="0" entryX="2594" entryY="2238" position="-950"/>
	<mission id="0" enemyId="100012" bulletID="1" barrageID="-1" camType="1" moveType="1" moveSpeed="800" posx="1905" posy="2853" actType="102" angle="300" entryX="1905" entryY="2853" position="-450"/>
	<mission id="0" enemyId="100012" bulletID="1" barrageID="-1" camType="1" moveType="1" moveSpeed="800" posx="1890" posy="2940" actType="102" angle="300" entryX="1890" entryY="2940" position="-450"/>
	<mission id="0" enemyId="100012" bulletID="1" barrageID="-1" camType="1" moveType="1" moveSpeed="800" posx="1840" posy="3015" actType="102" angle="300" entryX="1840" entryY="3015" position="-450"/>
	<mission id="0" enemyId="100012" bulletID="1" barrageID="-1" camType="1" moveType="1" moveSpeed="800" posx="1753" posy="3047" actType="102" angle="300" entryX="1753" entryY="3047" position="-450"/>
	<mission id="0" enemyId="100012" bulletID="1" barrageID="-1" camType="1" moveType="1" moveSpeed="800" posx="1661" posy="3066" actType="102" angle="300" entryX="1661" entryY="3066" position="-450"/>
	<mission id="0" enemyId="100012" bulletID="1" barrageID="-1" camType="1" moveType="1" moveSpeed="800" posx="1573" posy="3089" actType="102" angle="300" entryX="1573" entryY="3089" position="-450"/>
	<mission id="0" enemyId="100012" bulletID="1" barrageID="-1" camType="1" moveType="1" moveSpeed="800" posx="1944" posy="2773" actType="102" angle="300" entryX="1944" entryY="2773" position="-450"/>
	<mission id="0" enemyId="100012" bulletID="1" barrageID="-1" camType="1" moveType="1" moveSpeed="800" posx="1726" posy="3145" actType="102" angle="300" entryX="1726" entryY="3145" position="-450"/>
	<mission id="0" enemyId="100012" bulletID="1" barrageID="-1" camType="1" moveType="1" moveSpeed="800" posx="1841" posy="3140" actType="102" angle="300" entryX="1841" entryY="3140" position="-450"/>
	<mission id="0" enemyId="100012" bulletID="1" barrageID="-1" camType="1" moveType="1" moveSpeed="800" posx="1953" posy="3086" actType="102" angle="300" entryX="1953" entryY="3086" position="-450"/>
	<mission id="0" enemyId="100012" bulletID="1" barrageID="-1" camType="1" moveType="1" moveSpeed="800" posx="2022" posy="3008" actType="102" angle="300" entryX="2022" entryY="3008" position="-450"/>
	<mission id="0" enemyId="100012" bulletID="1" barrageID="-1" camType="1" moveType="1" moveSpeed="800" posx="2033" posy="2918" actType="102" angle="300" entryX="2033" entryY="2918" position="-450"/>
	<mission id="0" enemyId="100012" bulletID="1" barrageID="-1" camType="1" moveType="1" moveSpeed="800" posx="1867" posy="3229" actType="102" angle="300" entryX="1867" entryY="3229" position="-450"/>
	<mission id="0" enemyId="100012" bulletID="1" barrageID="-1" camType="1" moveType="17" moveSpeed="800" posx="2004" posy="3162" actType="102" angle="300" entryX="2004" entryY="3162" position="-450"/>
	<mission id="0" enemyId="100012" bulletID="1" barrageID="-1" camType="1" moveType="17" moveSpeed="680" posx="1254" posy="2406" actType="102" angle="270" entryX="1254" entryY="2406" position="6"/>
	<mission id="0" enemyId="100012" bulletID="1" barrageID="-1" camType="1" moveType="17" moveSpeed="680" posx="1274" posy="3006" actType="102" angle="270" entryX="1274" entryY="3006" position="-14"/>
	<mission id="0" enemyId="100012" bulletID="1" barrageID="-1" camType="1" moveType="17" moveSpeed="680" posx="1294" posy="3606" actType="102" angle="270" entryX="1294" entryY="3606" position="-34"/>
	<mission id="0" enemyId="100012" bulletID="1" barrageID="-1" camType="1" moveType="17" moveSpeed="680" posx="1314" posy="4206" actType="102" angle="270" entryX="1314" entryY="4206" position="-54"/>
	<mission id="0" enemyId="100012" bulletID="1" barrageID="-1" camType="1" moveType="17" moveSpeed="680" posx="1324" posy="4806" actType="102" angle="270" entryX="1324" entryY="4806" position="-74"/>
	<mission id="0" enemyId="100012" bulletID="1" barrageID="-1" camType="1" moveType="12" moveSpeed="160" posx="3273" posy="2160" actType="102" angle="225" entryX="3273" entryY="2160" position="-2344"/>
	<mission id="0" enemyId="100012" bulletID="1" barrageID="-1" camType="1" moveType="12" moveSpeed="160" posx="3337" posy="2161" actType="102" angle="225" entryX="3337" entryY="2161" position="-2344"/>
	<mission id="0" enemyId="100012" bulletID="1" barrageID="-1" camType="1" moveType="12" moveSpeed="160" posx="3397" posy="2160" actType="102" angle="225" entryX="3397" entryY="2160" position="-2344"/>
	<mission id="0" enemyId="100012" bulletID="1" barrageID="-1" camType="1" moveType="12" moveSpeed="160" posx="3463" posy="2161" actType="102" angle="225" entryX="3463" entryY="2161" position="-2344"/>
	<mission id="0" enemyId="100012" bulletID="1" barrageID="-1" camType="1" moveType="12" moveSpeed="160" posx="3521" posy="2161" actType="102" angle="225" entryX="3521" entryY="2161" position="-2344"/>
	<mission id="0" enemyId="300015" bulletID="5" barrageID="-1" camType="2" moveType="-1" moveSpeed="0" posx="19471" posy="2421" actType="202" angle="0" entryX="19471" entryY="2421" position="-18711"/>
	<mission id="0" enemyId="200005" bulletID="8" barrageID="-1" camType="2" moveType="3" moveSpeed="150" posx="7607" posy="2395" actType="108" angle="0" entryX="7607" entryY="2395" position="-7089"/>
	<mission id="0" enemyId="100012" bulletID="1" barrageID="-1" camType="1" moveType="18" moveSpeed="680" posx="1443" posy="3295" actType="102" angle="270" entryX="1443" entryY="3295" position="-80"/>
	<mission id="0" enemyId="100012" bulletID="1" barrageID="-1" camType="1" moveType="18" moveSpeed="680" posx="1443" posy="3895" actType="102" angle="270" entryX="1443" entryY="3895" position="-100"/>
	<mission id="0" enemyId="100012" bulletID="1" barrageID="-1" camType="1" moveType="18" moveSpeed="680" posx="1443" posy="4495" actType="102" angle="270" entryX="1443" entryY="4495" position="-120"/>
	<mission id="0" enemyId="100012" bulletID="1" barrageID="-1" camType="1" moveType="18" moveSpeed="680" posx="1443" posy="5095" actType="102" angle="270" entryX="1443" entryY="5095" position="-140"/>
	<mission id="0" enemyId="100012" bulletID="1" barrageID="-1" camType="1" moveType="18" moveSpeed="680" posx="1443" posy="5695" actType="102" angle="270" entryX="1443" entryY="5695" position="-160"/>
	<mission id="0" enemyId="100012" bulletID="1" barrageID="-1" camType="1" moveType="18" moveSpeed="680" posx="1443" posy="6295" actType="102" angle="270" entryX="1443" entryY="6295" position="-180"/>
	<mission id="0" enemyId="100012" bulletID="1" barrageID="-1" camType="1" moveType="14" moveSpeed="680" posx="2850" posy="2177" actType="102" angle="270" entryX="2850" entryY="2177" position="-1690"/>
	<mission id="0" enemyId="100012" bulletID="1" barrageID="-1" camType="1" moveType="14" moveSpeed="680" posx="2850" posy="2277" actType="102" angle="270" entryX="2850" entryY="2277" position="-1710"/>
	<mission id="0" enemyId="100012" bulletID="1" barrageID="-1" camType="1" moveType="14" moveSpeed="680" posx="2850" posy="2377" actType="102" angle="270" entryX="2850" entryY="2377" position="-1730"/>
	<mission id="0" enemyId="100012" bulletID="1" barrageID="-1" camType="1" moveType="14" moveSpeed="680" posx="2850" posy="2477" actType="102" angle="270" entryX="2850" entryY="2477" position="-1750"/>
	<mission id="0" enemyId="100012" bulletID="1" barrageID="-1" camType="1" moveType="14" moveSpeed="680" posx="2850" posy="2577" actType="102" angle="270" entryX="2850" entryY="2577" position="-1770"/>
	<mission id="0" enemyId="100012" bulletID="1" barrageID="-1" camType="1" moveType="15" moveSpeed="680" posx="2619" posy="2939" actType="102" angle="270" entryX="2619" entryY="2939" position="-1790"/>
	<mission id="0" enemyId="100012" bulletID="1" barrageID="-1" camType="1" moveType="15" moveSpeed="680" posx="2619" posy="3039" actType="102" angle="270" entryX="2619" entryY="3039" position="-1810"/>
	<mission id="0" enemyId="100012" bulletID="1" barrageID="-1" camType="1" moveType="15" moveSpeed="680" posx="2619" posy="3139" actType="102" angle="270" entryX="2619" entryY="3139" position="-1830"/>
	<mission id="0" enemyId="100012" bulletID="1" barrageID="-1" camType="1" moveType="15" moveSpeed="680" posx="2619" posy="3239" actType="102" angle="270" entryX="2619" entryY="3239" position="-1850"/>
	<mission id="0" enemyId="100012" bulletID="1" barrageID="-1" camType="1" moveType="15" moveSpeed="680" posx="2619" posy="3339" actType="102" angle="270" entryX="2619" entryY="3339" position="-1870"/>
	<mission id="0" enemyId="100014" bulletID="3" barrageID="-1" camType="1" moveType="8" moveSpeed="200" posx="5112" posy="2470" actType="102" angle="0" entryX="5112" entryY="2470" position="-3672"/>
	<mission id="0" enemyId="100014" bulletID="7" barrageID="-1" camType="1" moveType="8" moveSpeed="200" posx="5112" posy="2570" actType="102" angle="0" entryX="5112" entryY="2570" position="-3692"/>
	<mission id="0" enemyId="100014" bulletID="7" barrageID="-1" camType="1" moveType="8" moveSpeed="200" posx="5112" posy="2670" actType="102" angle="0" entryX="5112" entryY="2670" position="-3712"/>
	<mission id="0" enemyId="100014" bulletID="3" barrageID="-1" camType="1" moveType="8" moveSpeed="200" posx="5112" posy="2770" actType="102" angle="0" entryX="5112" entryY="2770" position="-3732"/>
	<mission id="0" enemyId="100014" bulletID="7" barrageID="-1" camType="1" moveType="9" moveSpeed="200" posx="5112" posy="2470" actType="102" angle="0" entryX="5112" entryY="2470" position="-3672"/>
	<mission id="0" enemyId="100014" bulletID="1" barrageID="-1" camType="1" moveType="9" moveSpeed="200" posx="5112" posy="2570" actType="102" angle="0" entryX="5112" entryY="2570" position="-3692"/>
	<mission id="0" enemyId="100014" bulletID="1" barrageID="-1" camType="1" moveType="9" moveSpeed="200" posx="5112" posy="2670" actType="102" angle="0" entryX="5112" entryY="2670" position="-3712"/>
	<mission id="0" enemyId="100014" bulletID="7" barrageID="-1" camType="1" moveType="9" moveSpeed="200" posx="5112" posy="2770" actType="102" angle="0" entryX="5112" entryY="2770" position="-3732"/>
	<mission id="0" enemyId="200008" bulletID="7" barrageID="-1" camType="1" moveType="11" moveSpeed="10" posx="10049" posy="2996" actType="102" angle="0" entryX="10049" entryY="2996" position="-8693"/>
	<mission id="0" enemyId="100014" bulletID="5" barrageID="-1" camType="1" moveType="2" moveSpeed="200" posx="1356" posy="2075" actType="102" angle="0" entryX="1356" entryY="2075" position="-151"/>
	<mission id="0" enemyId="100014" bulletID="5" barrageID="-1" camType="1" moveType="2" moveSpeed="200" posx="1540" posy="2127" actType="102" angle="0" entryX="1540" entryY="2127" position="-151"/>
	<mission id="0" enemyId="100012" bulletID="1" barrageID="-1" camType="1" moveType="1" moveSpeed="800" posx="1953" posy="2290" actType="102" angle="250" entryX="1953" entryY="2290" position="-650"/>
	<mission id="0" enemyId="100012" bulletID="1" barrageID="-1" camType="1" moveType="1" moveSpeed="800" posx="2092" posy="1981" actType="102" angle="250" entryX="2092" entryY="1981" position="-650"/>
	<mission id="0" enemyId="100012" bulletID="1" barrageID="-1" camType="1" moveType="1" moveSpeed="800" posx="2138" posy="2064" actType="102" angle="250" entryX="2138" entryY="2064" position="-650"/>
	<mission id="0" enemyId="100012" bulletID="1" barrageID="-1" camType="1" moveType="1" moveSpeed="800" posx="1888" posy="1974" actType="102" angle="250" entryX="1888" entryY="1974" position="-650"/>
	<mission id="0" enemyId="100012" bulletID="1" barrageID="-1" camType="1" moveType="1" moveSpeed="800" posx="1866" posy="2342" actType="102" angle="250" entryX="1866" entryY="2342" position="-650"/>
	<mission id="0" enemyId="100012" bulletID="1" barrageID="-1" camType="1" moveType="1" moveSpeed="800" posx="1932" posy="2046" actType="102" angle="250" entryX="1932" entryY="2046" position="-650"/>
	<mission id="0" enemyId="100012" bulletID="1" barrageID="-1" camType="1" moveType="1" moveSpeed="800" posx="2003" posy="2119" actType="102" angle="250" entryX="2003" entryY="2119" position="-650"/>
	<mission id="0" enemyId="100012" bulletID="1" barrageID="-1" camType="1" moveType="1" moveSpeed="800" posx="2035" posy="2050" actType="102" angle="250" entryX="2035" entryY="2050" position="-650"/>
	<mission id="0" enemyId="100012" bulletID="1" barrageID="-1" camType="1" moveType="1" moveSpeed="800" posx="1989" posy="1960" actType="102" angle="250" entryX="1989" entryY="1960" position="-650"/>
	<mission id="0" enemyId="100012" bulletID="1" barrageID="-1" camType="1" moveType="1" moveSpeed="800" posx="2062" posy="2207" actType="102" angle="250" entryX="2062" entryY="2207" position="-650"/>
	<mission id="0" enemyId="100012" bulletID="1" barrageID="-1" camType="1" moveType="1" moveSpeed="800" posx="2129" posy="2147" actType="102" angle="250" entryX="2129" entryY="2147" position="-650"/>
	<mission id="0" enemyId="100012" bulletID="1" barrageID="-1" camType="1" moveType="1" moveSpeed="800" posx="1976" posy="2220" actType="102" angle="250" entryX="1976" entryY="2220" position="-650"/>
	<mission id="0" enemyId="100012" bulletID="1" barrageID="-1" camType="1" moveType="1" moveSpeed="800" posx="1796" posy="1965" actType="102" angle="250" entryX="1796" entryY="1965" position="-650"/>
	<mission id="0" enemyId="100014" bulletID="5" barrageID="-1" camType="1" moveType="3" moveSpeed="250" posx="1175" posy="2086" actType="102" angle="200" entryX="1175" entryY="2086" position="-844"/>
	<mission id="0" enemyId="100014" bulletID="5" barrageID="-1" camType="1" moveType="3" moveSpeed="250" posx="1037" posy="2011" actType="102" angle="200" entryX="1037" entryY="2011" position="-844"/>
	<mission id="0" enemyId="100014" bulletID="5" barrageID="-1" camType="1" moveType="3" moveSpeed="250" posx="916" posy="2069" actType="102" angle="200" entryX="916" entryY="2069" position="-844"/>
	<mission id="0" enemyId="200008" bulletID="7" barrageID="-1" camType="1" moveType="15" moveSpeed="10" posx="3618" posy="3120" actType="102" angle="0" entryX="3618" entryY="3120" position="-2519"/>
	<mission id="0" enemyId="200008" bulletID="7" barrageID="-1" camType="1" moveType="8" moveSpeed="10" posx="6262" posy="2192" actType="102" angle="0" entryX="6262" entryY="2192" position="-4871"/>
	<mission id="0" enemyId="200008" bulletID="7" barrageID="-1" camType="1" moveType="9" moveSpeed="10" posx="6512" posy="2794" actType="102" angle="0" entryX="6512" entryY="2794" position="-5130"/>
	<mission id="0" enemyId="100006" bulletID="5" barrageID="-1" camType="1" moveType="-1" moveSpeed="10" posx="4993" posy="2896" actType="102" angle="90" entryX="4993" entryY="2896" position="-4251"/>
	<mission id="0" enemyId="100014" bulletID="5" barrageID="-1" camType="1" moveType="2" moveSpeed="250" posx="1618" posy="2679" actType="102" angle="0" entryX="1618" entryY="2679" position="-1666"/>
	<mission id="0" enemyId="100014" bulletID="5" barrageID="-1" camType="1" moveType="2" moveSpeed="250" posx="1613" posy="2491" actType="102" angle="0" entryX="1613" entryY="2491" position="-1666"/>
	<mission id="0" enemyId="100014" bulletID="5" barrageID="-1" camType="1" moveType="2" moveSpeed="250" posx="1591" posy="2378" actType="102" angle="0" entryX="1591" entryY="2378" position="-1666"/>
	<mission id="0" enemyId="200008" bulletID="7" barrageID="-1" camType="1" moveType="8" moveSpeed="10" posx="11078" posy="1410" actType="102" angle="0" entryX="11078" entryY="1410" position="-9617"/>
	<mission id="0" enemyId="100014" bulletID="7" barrageID="-1" camType="1" moveType="10" moveSpeed="10" posx="4453" posy="2363" actType="102" angle="0" entryX="4453" entryY="2363" position="-3049"/>
	<mission id="0" enemyId="100014" bulletID="5" barrageID="-1" camType="1" moveType="10" moveSpeed="10" posx="4540" posy="2363" actType="102" angle="0" entryX="4540" entryY="2363" position="-3049"/>
	<mission id="0" enemyId="100014" bulletID="7" barrageID="-1" camType="1" moveType="10" moveSpeed="10" posx="4631" posy="2364" actType="102" angle="0" entryX="4631" entryY="2364" position="-3049"/>
	<mission id="0" enemyId="100014" bulletID="5" barrageID="-1" camType="1" moveType="10" moveSpeed="10" posx="4727" posy="2365" actType="102" angle="0" entryX="4727" entryY="2365" position="-3049"/>
	<mission id="0" enemyId="100014" bulletID="5" barrageID="-1" camType="1" moveType="11" moveSpeed="10" posx="4636" posy="2771" actType="102" angle="0" entryX="4636" entryY="2771" position="-3239"/>
	<mission id="0" enemyId="100014" bulletID="7" barrageID="-1" camType="1" moveType="11" moveSpeed="10" posx="4720" posy="2773" actType="102" angle="0" entryX="4720" entryY="2773" position="-3239"/>
	<mission id="0" enemyId="100014" bulletID="5" barrageID="-1" camType="1" moveType="11" moveSpeed="10" posx="4802" posy="2774" actType="102" angle="0" entryX="4802" entryY="2774" position="-3239"/>
	<mission id="0" enemyId="100014" bulletID="7" barrageID="-1" camType="1" moveType="11" moveSpeed="10" posx="4886" posy="2774" actType="102" angle="0" entryX="4886" entryY="2774" position="-3239"/>
	<mission id="0" enemyId="400002" bulletID="9" barrageID="-1" camType="1" moveType="16" moveSpeed="10" posx="7485" posy="2522" actType="102" angle="0" entryX="7485" entryY="2522" position="-6098"/>
	<mission id="0" enemyId="400002" bulletID="9" barrageID="-1" camType="1" moveType="16" moveSpeed="10" posx="5396" posy="2358" actType="102" angle="0" entryX="5396" entryY="2358" position="-4244"/>
	<mission id="0" enemyId="400002" bulletID="9" barrageID="-1" camType="1" moveType="16" moveSpeed="10" posx="5416" posy="2808" actType="102" angle="0" entryX="5416" entryY="2808" position="-4244"/>
	<mission id="0" enemyId="100012" bulletID="1" barrageID="-1" camType="1" moveType="1" moveSpeed="800" posx="5657" posy="2584" actType="102" angle="270" entryX="5657" entryY="2584" position="-4244"/>
	<mission id="0" enemyId="100012" bulletID="1" barrageID="-1" camType="1" moveType="1" moveSpeed="800" posx="5700" posy="2515" actType="102" angle="270" entryX="5700" entryY="2515" position="-4244"/>
	<mission id="0" enemyId="100012" bulletID="1" barrageID="-1" camType="1" moveType="1" moveSpeed="800" posx="5702" posy="2645" actType="102" angle="270" entryX="5702" entryY="2645" position="-4244"/>
	<mission id="0" enemyId="100012" bulletID="1" barrageID="-1" camType="1" moveType="1" moveSpeed="800" posx="5825" posy="2519" actType="102" angle="270" entryX="5825" entryY="2519" position="-4244"/>
	<mission id="0" enemyId="100012" bulletID="1" barrageID="-1" camType="1" moveType="1" moveSpeed="800" posx="5803" posy="2586" actType="102" angle="270" entryX="5803" entryY="2586" position="-4244"/>
	<mission id="0" enemyId="100012" bulletID="1" barrageID="-1" camType="1" moveType="1" moveSpeed="800" posx="5833" posy="2653" actType="102" angle="270" entryX="5833" entryY="2653" position="-4244"/>
	<mission id="0" enemyId="100012" bulletID="1" barrageID="-1" camType="1" moveType="1" moveSpeed="800" posx="5929" posy="2589" actType="102" angle="270" entryX="5929" entryY="2589" position="-4244"/>
	<mission id="0" enemyId="100012" bulletID="1" barrageID="-1" camType="1" moveType="1" moveSpeed="800" posx="5952" posy="2524" actType="102" angle="270" entryX="5952" entryY="2524" position="-4244"/>
	<mission id="0" enemyId="100012" bulletID="1" barrageID="-1" camType="1" moveType="1" moveSpeed="800" posx="5951" posy="2664" actType="102" angle="270" entryX="5951" entryY="2664" position="-4244"/>
	<mission id="0" enemyId="100014" bulletID="3" barrageID="-1" camType="1" moveType="15" moveSpeed="10" posx="8638" posy="2998" actType="102" angle="0" entryX="8638" entryY="2998" position="-7697"/>
	<mission id="0" enemyId="100014" bulletID="7" barrageID="-1" camType="1" moveType="15" moveSpeed="10" posx="8696" posy="3102" actType="102" angle="0" entryX="8696" entryY="3102" position="-7697"/>
	<mission id="0" enemyId="100014" bulletID="7" barrageID="-1" camType="1" moveType="15" moveSpeed="10" posx="8752" posy="3210" actType="102" angle="0" entryX="8752" entryY="3210" position="-7697"/>
	<mission id="0" enemyId="100014" bulletID="3" barrageID="-1" camType="1" moveType="15" moveSpeed="10" posx="8822" posy="3313" actType="102" angle="0" entryX="8822" entryY="3313" position="-7697"/>
	<mission id="0" enemyId="100014" bulletID="3" barrageID="-1" camType="1" moveType="14" moveSpeed="14" posx="8640" posy="2056" actType="102" angle="0" entryX="8640" entryY="2056" position="-8186"/>
	<mission id="0" enemyId="100014" bulletID="7" barrageID="-1" camType="1" moveType="14" moveSpeed="14" posx="8642" posy="1952" actType="102" angle="0" entryX="8642" entryY="1952" position="-8106"/>
	<mission id="0" enemyId="100014" bulletID="7" barrageID="-1" camType="1" moveType="14" moveSpeed="14" posx="8646" posy="1852" actType="102" angle="0" entryX="8646" entryY="1852" position="-8126"/>
	<mission id="0" enemyId="100014" bulletID="3" barrageID="-1" camType="1" moveType="14" moveSpeed="14" posx="8648" posy="1752" actType="102" angle="0" entryX="8648" entryY="1752" position="-8146"/>
	<mission id="0" enemyId="200008" bulletID="7" barrageID="-1" camType="1" moveType="9" moveSpeed="10" posx="12242" posy="1867" actType="102" angle="3" entryX="12242" entryY="1867" position="-10826"/>
	<mission id="0" enemyId="100014" bulletID="3" barrageID="-1" camType="1" moveType="11" moveSpeed="10" posx="13704" posy="1420" actType="102" angle="0" entryX="13704" entryY="1420" position="-12055"/>
	<mission id="0" enemyId="100014" bulletID="7" barrageID="-1" camType="1" moveType="11" moveSpeed="10" posx="13804" posy="1520" actType="102" angle="0" entryX="13804" entryY="1520" position="-12075"/>
	<mission id="0" enemyId="100014" bulletID="7" barrageID="-1" camType="1" moveType="11" moveSpeed="10" posx="13904" posy="1620" actType="102" angle="0" entryX="13904" entryY="1620" position="-12095"/>
	<mission id="0" enemyId="100014" bulletID="3" barrageID="-1" camType="1" moveType="11" moveSpeed="10" posx="14004" posy="1720" actType="102" angle="0" entryX="14004" entryY="1720" position="-12115"/>
	<mission id="0" enemyId="100014" bulletID="3" barrageID="-1" camType="1" moveType="10" moveSpeed="10" posx="13480" posy="471" actType="102" angle="0" entryX="13480" entryY="471" position="-12055"/>
	<mission id="0" enemyId="100014" bulletID="7" barrageID="-1" camType="1" moveType="10" moveSpeed="10" posx="13580" posy="571" actType="102" angle="0" entryX="13580" entryY="571" position="-12075"/>
	<mission id="0" enemyId="100014" bulletID="7" barrageID="-1" camType="1" moveType="10" moveSpeed="10" posx="13680" posy="671" actType="102" angle="0" entryX="13680" entryY="671" position="-12095"/>
	<mission id="0" enemyId="100014" bulletID="3" barrageID="-1" camType="1" moveType="10" moveSpeed="10" posx="13780" posy="771" actType="102" angle="0" entryX="13780" entryY="771" position="-12115"/>
	<mission id="0" enemyId="100014" bulletID="3" barrageID="-1" camType="1" moveType="12" moveSpeed="10" posx="14959" posy="-72" actType="102" angle="0" entryX="14959" entryY="-72" position="-14147"/>
	<mission id="0" enemyId="100014" bulletID="9" barrageID="-1" camType="1" moveType="12" moveSpeed="10" posx="14959" posy="28" actType="102" angle="0" entryX="14959" entryY="28" position="-14167"/>
	<mission id="0" enemyId="100014" bulletID="9" barrageID="-1" camType="1" moveType="12" moveSpeed="10" posx="14959" posy="128" actType="102" angle="0" entryX="14959" entryY="128" position="-14187"/>
	<mission id="0" enemyId="100014" bulletID="3" barrageID="-1" camType="1" moveType="12" moveSpeed="10" posx="14959" posy="228" actType="102" angle="0" entryX="14959" entryY="228" position="-14207"/>
	<mission id="0" enemyId="100014" bulletID="3" barrageID="-1" camType="1" moveType="13" moveSpeed="10" posx="15413" posy="845" actType="102" angle="0" entryX="15413" entryY="845" position="-14147"/>
	<mission id="0" enemyId="100014" bulletID="9" barrageID="-1" camType="1" moveType="13" moveSpeed="10" posx="15513" posy="845" actType="102" angle="0" entryX="15513" entryY="845" position="-14167"/>
	<mission id="0" enemyId="100014" bulletID="9" barrageID="-1" camType="1" moveType="13" moveSpeed="10" posx="15613" posy="845" actType="102" angle="0" entryX="15613" entryY="845" position="-14187"/>
	<mission id="0" enemyId="100014" bulletID="3" barrageID="-1" camType="1" moveType="13" moveSpeed="10" posx="15713" posy="845" actType="102" angle="0" entryX="15713" entryY="845" position="-14207"/>
	<mission id="0" enemyId="200008" bulletID="7" barrageID="-1" camType="1" moveType="1" moveSpeed="250" posx="16000" posy="405" actType="102" angle="270" entryX="16000" entryY="405" position="-15013"/>
	<mission id="0" enemyId="100014" bulletID="9" barrageID="-1" camType="1" moveType="1" moveSpeed="250" posx="16403" posy="186" actType="102" angle="270" entryX="16403" entryY="186" position="-15014"/>
	<mission id="0" enemyId="100014" bulletID="9" barrageID="-1" camType="1" moveType="1" moveSpeed="250" posx="16414" posy="597" actType="102" angle="270" entryX="16414" entryY="597" position="-15015"/>
	<mission id="0" enemyId="400002" bulletID="3" barrageID="-1" camType="1" moveType="15" moveSpeed="10" posx="17509" posy="851" actType="102" angle="0" entryX="17509" entryY="851" position="-16579"/>
	<mission id="0" enemyId="400002" bulletID="7" barrageID="-1" camType="1" moveType="15" moveSpeed="10" posx="17409" posy="851" actType="102" angle="0" entryX="17409" entryY="851" position="-16559"/>
	<mission id="0" enemyId="400002" bulletID="7" barrageID="-1" camType="1" moveType="15" moveSpeed="10" posx="17309" posy="851" actType="102" angle="0" entryX="17309" entryY="851" position="-16539"/>
	<mission id="0" enemyId="400002" bulletID="3" barrageID="-1" camType="1" moveType="15" moveSpeed="10" posx="17209" posy="851" actType="102" angle="0" entryX="17209" entryY="851" position="-16519"/>
	<mission id="0" enemyId="400002" bulletID="3" barrageID="-1" camType="1" moveType="14" moveSpeed="10" posx="17402" posy="-80" actType="102" angle="0" entryX="17402" entryY="-80" position="-16579"/>
	<mission id="0" enemyId="400002" bulletID="7" barrageID="-1" camType="1" moveType="14" moveSpeed="10" posx="17302" posy="-80" actType="102" angle="0" entryX="17302" entryY="-80" position="-16559"/>
	<mission id="0" enemyId="400002" bulletID="7" barrageID="-1" camType="1" moveType="14" moveSpeed="10" posx="17202" posy="-80" actType="102" angle="0" entryX="17202" entryY="-80" position="-16539"/>
	<mission id="0" enemyId="400002" bulletID="3" barrageID="-1" camType="1" moveType="14" moveSpeed="10" posx="17102" posy="-80" actType="102" angle="0" entryX="17102" entryY="-80" position="-16519"/>
	<mission id="0" enemyId="100014" bulletID="5" barrageID="-1" camType="1" moveType="8" moveSpeed="10" posx="2540" posy="2133" actType="102" angle="0" entryX="2540" entryY="2133" position="-1047"/>
	<mission id="0" enemyId="400002" bulletID="7" barrageID="-1" camType="1" moveType="15" moveSpeed="10" posx="7161" posy="2982" actType="102" angle="0" entryX="7161" entryY="2982" position="-6081"/>
	<mission id="0" enemyId="400002" bulletID="7" barrageID="-1" camType="1" moveType="15" moveSpeed="10" posx="7261" posy="2982" actType="102" angle="0" entryX="7261" entryY="2982" position="-6101"/>
	<mission id="0" enemyId="400002" bulletID="7" barrageID="-1" camType="1" moveType="15" moveSpeed="10" posx="7361" posy="2982" actType="102" angle="0" entryX="7361" entryY="2982" position="-6121"/>
	<mission id="0" enemyId="400002" bulletID="7" barrageID="-1" camType="1" moveType="15" moveSpeed="10" posx="7461" posy="2982" actType="102" angle="0" entryX="7461" entryY="2982" position="-6141"/>
	<mission id="0" enemyId="400002" bulletID="7" barrageID="-1" camType="1" moveType="14" moveSpeed="10" posx="7161" posy="2084" actType="102" angle="0" entryX="7161" entryY="2084" position="-6081"/>
	<mission id="0" enemyId="400002" bulletID="7" barrageID="-1" camType="1" moveType="14" moveSpeed="10" posx="7261" posy="2084" actType="102" angle="0" entryX="7261" entryY="2084" position="-6101"/>
	<mission id="0" enemyId="400002" bulletID="7" barrageID="-1" camType="1" moveType="14" moveSpeed="10" posx="7361" posy="2084" actType="102" angle="0" entryX="7361" entryY="2084" position="-6121"/>
	<mission id="0" enemyId="400002" bulletID="7" barrageID="-1" camType="1" moveType="14" moveSpeed="10" posx="7461" posy="2084" actType="102" angle="0" entryX="7461" entryY="2084" position="-6141"/>
	<mission id="0" enemyId="100014" bulletID="5" barrageID="-1" camType="1" moveType="2" moveSpeed="200" posx="1553" posy="2849" actType="102" angle="0" entryX="1553" entryY="2849" position="-151"/>
	<mission id="0" enemyId="100014" bulletID="5" barrageID="-1" camType="1" moveType="2" moveSpeed="200" posx="1540" posy="2970" actType="102" angle="0" entryX="1540" entryY="2970" position="-151"/>
	<mission id="0" enemyId="100012" bulletID="1" barrageID="-1" camType="1" moveType="1" moveSpeed="550" posx="2938" posy="2328" actType="102" angle="270" entryX="2938" entryY="2328" position="-1509"/>
	<mission id="0" enemyId="100012" bulletID="1" barrageID="-1" camType="1" moveType="1" moveSpeed="550" posx="2961" posy="2408" actType="102" angle="270" entryX="2961" entryY="2408" position="-1509"/>
	<mission id="0" enemyId="100012" bulletID="1" barrageID="-1" camType="1" moveType="1" moveSpeed="550" posx="2987" posy="2498" actType="102" angle="270" entryX="2987" entryY="2498" position="-1509"/>
	<mission id="0" enemyId="100012" bulletID="1" barrageID="-1" camType="1" moveType="1" moveSpeed="550" posx="3005" posy="2564" actType="102" angle="270" entryX="3005" entryY="2564" position="-1509"/>
	<mission id="0" enemyId="100012" bulletID="1" barrageID="-1" camType="0" moveType="1" moveSpeed="550" posx="3033" posy="2625" actType="102" angle="270" entryX="3033" entryY="2625" position="-1509"/>
	<mission id="0" enemyId="100012" bulletID="1" barrageID="-1" camType="1" moveType="1" moveSpeed="550" posx="3086" posy="2332" actType="102" angle="270" entryX="3086" entryY="2332" position="-1563"/>
	<mission id="0" enemyId="100012" bulletID="1" barrageID="-1" camType="1" moveType="1" moveSpeed="550" posx="3064" posy="2409" actType="102" angle="270" entryX="3064" entryY="2409" position="-1563"/>
	<mission id="0" enemyId="100012" bulletID="1" barrageID="-1" camType="1" moveType="1" moveSpeed="550" posx="3045" posy="2490" actType="102" angle="270" entryX="3045" entryY="2490" position="-1563"/>
	<mission id="0" enemyId="100012" bulletID="1" barrageID="-1" camType="1" moveType="1" moveSpeed="550" posx="2979" posy="2579" actType="102" angle="270" entryX="2979" entryY="2579" position="-1563"/>
	<mission id="0" enemyId="100014" bulletID="5" barrageID="-1" camType="1" moveType="13" moveSpeed="10" posx="6173" posy="2763" actType="102" angle="0" entryX="6173" entryY="2763" position="-4661"/>
	<mission id="0" enemyId="100014" bulletID="3" barrageID="-1" camType="1" moveType="13" moveSpeed="10" posx="6276" posy="2857" actType="102" angle="0" entryX="6276" entryY="2857" position="-4681"/>
	<mission id="0" enemyId="100014" bulletID="5" barrageID="-1" camType="1" moveType="13" moveSpeed="10" posx="6068" posy="2692" actType="102" angle="0" entryX="6068" entryY="2692" position="-4641"/>
	<mission id="0" enemyId="100014" bulletID="3" barrageID="-1" camType="1" moveType="13" moveSpeed="10" posx="5963" posy="2601" actType="102" angle="0" entryX="5963" entryY="2601" position="-4621"/>
	<mission id="0" enemyId="100012" bulletID="1" barrageID="-1" camType="1" moveType="13" moveSpeed="10" posx="3449" posy="2612" actType="102" angle="0" entryX="3449" entryY="2612" position="-2055"/>
	<mission id="0" enemyId="100012" bulletID="1" barrageID="-1" camType="1" moveType="13" moveSpeed="10" posx="3525" posy="2648" actType="102" angle="0" entryX="3525" entryY="2648" position="-2075"/>
	<mission id="0" enemyId="100012" bulletID="1" barrageID="-1" camType="1" moveType="13" moveSpeed="10" posx="3603" posy="2684" actType="102" angle="0" entryX="3603" entryY="2684" position="-2095"/>
	<mission id="0" enemyId="100012" bulletID="1" barrageID="-1" camType="1" moveType="13" moveSpeed="10" posx="3678" posy="2711" actType="102" angle="0" entryX="3678" entryY="2711" position="-2115"/>
	<mission id="0" enemyId="100012" bulletID="1" barrageID="-1" camType="1" moveType="13" moveSpeed="10" posx="3754" posy="2743" actType="102" angle="0" entryX="3754" entryY="2743" position="-2135"/>
	<mission id="0" enemyId="100014" bulletID="3" barrageID="-1" camType="1" moveType="11" moveSpeed="10" posx="7160" posy="2887" actType="102" angle="0" entryX="7160" entryY="2887" position="-5597"/>
	<mission id="0" enemyId="100014" bulletID="9" barrageID="-1" camType="1" moveType="11" moveSpeed="10" posx="7160" posy="2987" actType="102" angle="0" entryX="7160" entryY="2987" position="-5617"/>
	<mission id="0" enemyId="100014" bulletID="9" barrageID="-1" camType="1" moveType="11" moveSpeed="10" posx="7160" posy="3087" actType="102" angle="0" entryX="7160" entryY="3087" position="-5637"/>
	<mission id="0" enemyId="100014" bulletID="3" barrageID="-1" camType="1" moveType="11" moveSpeed="10" posx="7160" posy="3187" actType="102" angle="0" entryX="7160" entryY="3187" position="-5657"/>
	<mission id="0" enemyId="100014" bulletID="3" barrageID="-1" camType="1" moveType="10" moveSpeed="10" posx="7171" posy="2195" actType="102" angle="0" entryX="7171" entryY="2195" position="-5597"/>
	<mission id="0" enemyId="100014" bulletID="9" barrageID="-1" camType="1" moveType="10" moveSpeed="10" posx="7171" posy="2295" actType="102" angle="0" entryX="7171" entryY="2295" position="-5617"/>
	<mission id="0" enemyId="100014" bulletID="9" barrageID="-1" camType="1" moveType="10" moveSpeed="10" posx="7171" posy="2395" actType="102" angle="0" entryX="7171" entryY="2395" position="-5637"/>
	<mission id="0" enemyId="100014" bulletID="3" barrageID="-1" camType="1" moveType="10" moveSpeed="10" posx="7171" posy="2495" actType="102" angle="0" entryX="7171" entryY="2495" position="-5657"/>
	<mission id="1" enemyId="400001" bulletID="3" barrageID="-1" camType="1" moveType="3" moveSpeed="200" posx="3575" posy="2262" actType="101" angle="0" entryX="4175" entryY="2262" position="-2770"/>
	<mission id="1" enemyId="400001" bulletID="3" barrageID="-1" camType="1" moveType="3" moveSpeed="200" posx="3566" posy="2760" actType="101" angle="0" entryX="4166" entryY="2760" position="-2768"/>
</Config>
