<?xml version="1.0" encoding="UTF-8" standalone="yes"?>
<!--
 collisionBoxX，collisionBoxY  (0,0)代表按实际大小，碰撞矩形
 shootDirection  1: 从右至左2: 玩家3: 中心点向外扩散
 isKeepFollow  是否持续追踪
 spawnNum   单次发射数量
 pathType   子弹发射形状  1: 直线  2:球形   3:扇形
 offsetPosX，offsetPosY x: 子弹前后距离  y: 排之间的距离
 offsetAngle 相邻子弹角度间距
 bulletSpeed  子弹移动速度  0:敌机速度
 bulletDuration  间隔射速
 skillDuration
 attackVal 攻击力
 keepLen 持续距离 0：无限
 isHitHeroRemove 击中玩家消失
 bullettextures 子弹素材名字
 rotate: 0 发射出去自身不旋转  1发射出去自身会旋转
 -->
<item>
	<role skillId="1" isHitBulletRemove="1" collisionBoxX="0" collisionBoxY="0" shootDirection="1" isKeepFollow="0" spawnNum="1" pathType="1" offsetPosX="0" offsetPosY="0" offsetAngle="0" bulletSpeed="0" bulletDuration="0" skillDuration="0" attackVal="200" keepLen="0" isHitHeroRemove="0" bullettextures="enemybullet03.png" rotate="0"/>
	<role skillId="2" isHitBulletRemove="1" collisionBoxX="0" collisionBoxY="0" shootDirection="2" isKeepFollow="0" spawnNum="1" pathType="1" offsetPosX="0" offsetPosY="0" offsetAngle="0" bulletSpeed="0" bulletDuration="0" skillDuration="0" attackVal="200" keepLen="0" isHitHeroRemove="0" bullettextures="enemybullet03.png" rotate="0"/>
	<role skillId="3" isHitBulletRemove="0" collisionBoxX="35" collisionBoxY="15" shootDirection="3" isKeepFollow="0" spawnNum="6" pathType="2" offsetPosX="0" offsetPosY="0" offsetAngle="60" bulletSpeed="300" bulletDuration="0" skillDuration="0" attackVal="150" keepLen="0" isHitHeroRemove="1" bullettextures="enemybullet03.png" rotate="1"/>
	<role skillId="4" isHitBulletRemove="0" collisionBoxX="10" collisionBoxY="10" shootDirection="1" isKeepFollow="0" spawnNum="1" pathType="1" offsetPosX="0" offsetPosY="0" offsetAngle="0" bulletSpeed="250" bulletDuration="0" skillDuration="2" attackVal="150" keepLen="0" isHitHeroRemove="1" bullettextures="enemybullet03.png" rotate="0"/>
	<role skillId="5" isHitBulletRemove="0" collisionBoxX="30" collisionBoxY="30" shootDirection="2" isKeepFollow="0" spawnNum="1" pathType="1" offsetPosX="0" offsetPosY="0" offsetAngle="0" bulletSpeed="250" bulletDuration="0" skillDuration="2" attackVal="180" keepLen="0" isHitHeroRemove="1" bullettextures="enemybullet01.png" rotate="1"/>
	<role skillId="6" isHitBulletRemove="0" collisionBoxX="40" collisionBoxY="40" shootDirection="1" isKeepFollow="0" spawnNum="3" pathType="1" offsetPosX="150" offsetPosY="50" offsetAngle="0" bulletSpeed="250" bulletDuration="0" skillDuration="2" attackVal="300" keepLen="0" isHitHeroRemove="0" bullettextures="enemybullet03.png" rotate="0"/>
	<role skillId="7" isHitBulletRemove="0" collisionBoxX="28" collisionBoxY="28" shootDirection="2" isKeepFollow="0" spawnNum="3" pathType="3" offsetPosX="0" offsetPosY="0" offsetAngle="15" bulletSpeed="250" bulletDuration="0" skillDuration="1.5" attackVal="200" keepLen="0" isHitHeroRemove="1" bullettextures="enemybullet07.png" rotate="1"/>
	<role skillId="8" isHitBulletRemove="0" collisionBoxX="40" collisionBoxY="15" shootDirection="1" isKeepFollow="0" spawnNum="6" pathType="3" offsetPosX="0" offsetPosY="0" offsetAngle="15" bulletSpeed="300" bulletDuration="0" skillDuration="1" attackVal="300" keepLen="0" isHitHeroRemove="1" bullettextures="enemybullet06.png" rotate="0"/>
	<role skillId="9" isHitBulletRemove="0" collisionBoxX="130" collisionBoxY="130" shootDirection="1" isKeepFollow="0" spawnNum="1" pathType="1" offsetPosX="0" offsetPosY="0" offsetAngle="0" bulletSpeed="500" bulletDuration="0" skillDuration="5" attackVal="400" keepLen="0" isHitHeroRemove="0" bullettextures="enemybullet09.png" rotate="1"/>
	<role skillId="10" isHitBulletRemove="0" collisionBoxX="30" collisionBoxY="70" shootDirection="4" isKeepFollow="0" spawnNum="30" pathType="1" offsetPosX="0" offsetPosY="0" offsetAngle="12" bulletSpeed="300" bulletDuration="0.2" skillDuration="10" attackVal="300" keepLen="0" isHitHeroRemove="1" bullettextures="enemybullet10.png" rotate="0"/>
	<role skillId="11" isHitBulletRemove="0" collisionBoxX="20" collisionBoxY="20" shootDirection="3" isKeepFollow="0" spawnNum="100" pathType="2" offsetPosX="0" offsetPosY="0" offsetAngle="3.6" bulletSpeed="250" bulletDuration="enemybullet03.png" skillDuration="0.3" attackVal="250" keepLen="0" isHitHeroRemove="1" bullettextures="0" rotate="0"/>
	<role skillId="12" isHitBulletRemove="0" collisionBoxX="40" collisionBoxY="1280" shootDirection="3" isKeepFollow="0" spawnNum="4" pathType="4" offsetPosX="0" offsetPosY="0" offsetAngle="90" bulletSpeed="10" bulletDuration="0" skillDuration="10" attackVal="700" keepLen="0" isHitHeroRemove="0" bullettextures="enemybullet03.png" rotate="0"/>
    <role skillId="101" isHitBulletRemove="0" collisionBoxX="35" collisionBoxY="15" shootDirection="3" isKeepFollow="0" spawnNum="3" pathType="2" offsetPosX="0" offsetPosY="0" offsetAngle="60" bulletSpeed="300" bulletDuration="0" skillDuration="0" attackVal="150" keepLen="0" isHitHeroRemove="1" bullettextures="ryjs_boss_bulletB01.png" rotate="0"/>
    <role skillId="102" isHitBulletRemove="0" collisionBoxX="35" collisionBoxY="15" shootDirection="3" isKeepFollow="0" spawnNum="1" pathType="2" offsetPosX="0" offsetPosY="0" offsetAngle="60" bulletSpeed="300" bulletDuration="0" skillDuration="0" attackVal="150" keepLen="0" isHitHeroRemove="1" bullettextures="ryjs_boss_bulletC01.png" rotate="1"/>
</item>