<!-- edited with XMLSpy v2013 (http://www.altova.com) by  () -->
<!--
 organ_id:机关ID
 fb_id:机关所属的副本ID（暂时不区分难度)
 organ_type:机关类型；1喷火轮2火山丘3熔岩铁链4铁链门5喷火井三连6喷火井五连7小岩浆炮8爆炸岩浆炮9熔岩起雾10喷火井
 X_location：机关所处位置X轴坐标（编辑器中的实际坐标）
 Y_location：机关所处位置Y轴坐标（编辑器中的实际坐标）
 layer:机关的层级关系；8-10为远景被角色覆盖11-13为次远景被角色覆盖14-16为中景（路）覆盖/被覆盖17-19为前景（黑色遮罩）覆盖角色8远景后（被同级覆盖），8-13层不适合于地形融合的机关，移动速度不同会导致二者分离
 9远景中（覆盖同级）
 10远景前（覆盖同级）
 11次前景后（被同级覆盖）
 12次前景中（覆盖同级）
 13次前景前（覆盖同级）
 14中景后（被同级覆盖）
 15中景中（覆盖同级）
 16中景前（覆盖同级）
 17前景后（被同级覆盖）
 18前景中（覆盖同级）
 19前景前（覆盖同级）
 damage_Type:伤害类型；1.秒伤（持续伤害）2.直接伤害（一次性）
 damage：伤害值；对角色造成直接伤害
 frequency：攻击特效的触发间隔，单位秒（兼顾动画播放时间快慢）持续触发的填写0 没有触发的填-1
 speed：每秒钟旋转的角度，越大旋转速度越快，可以超过360（负数为逆时针）没有自转的机关填-1
 Backdrop：背景位移，控制机关相对屏幕出现的位置，长期存在的填-1
 Organ_Angle：机关的出现角度，默认角度的填-1
 -->
<Config>
	<mission Organ_Id="1" Fb_Id="204" Organ_Type="1" X_Location="2764" Y_Location="2300" Layer="15" Damage_Type="1" Damage="1" Frequency="0" Speed="-90" Organ_Angle="-1" Backdrop="-1"/>
	<mission Organ_Id="12" Fb_Id="204" Organ_Type="3" X_Location="3840" Y_Location="1372" Layer="14" Damage_Type="2" Damage="11" Frequency="2" Speed="-1" Organ_Angle="-1" Backdrop="-1"/>
	<mission Organ_Id="13" Fb_Id="204" Organ_Type="5" X_Location="1499" Y_Location="2894" Layer="14" Damage_Type="2" Damage="11" Frequency="2" Speed="-1" Organ_Angle="-1" Backdrop="-1"/>
	<mission Organ_Id="14" Fb_Id="204" Organ_Type="6" X_Location="6815" Y_Location="2894" Layer="14" Damage_Type="2" Damage="11" Frequency="2" Speed="-1" Organ_Angle="-1" Backdrop="-1"/>
	<mission Organ_Id="15" Fb_Id="204" Organ_Type="1" X_Location="8710" Y_Location="2721" Layer="14" Damage_Type="2" Damage="11" Frequency="0" Speed="90" Organ_Angle="-1" Backdrop="-1"/>
	<mission Organ_Id="16" Fb_Id="204" Organ_Type="1" X_Location="8964" Y_Location="1625" Layer="14" Damage_Type="2" Damage="11" Frequency="0" Speed="-90" Organ_Angle="-1" Backdrop="-1"/>
	<mission Organ_Id="17" Fb_Id="204" Organ_Type="1" X_Location="9859" Y_Location="2292" Layer="14" Damage_Type="2" Damage="11" Frequency="0" Speed="90" Organ_Angle="-1" Backdrop="-1"/>
	<mission Organ_Id="18" Fb_Id="204" Organ_Type="1" X_Location="10168" Y_Location="1171" Layer="14" Damage_Type="2" Damage="11" Frequency="0" Speed="-90" Organ_Angle="-1" Backdrop="-1"/>
	<mission Organ_Id="19" Fb_Id="204" Organ_Type="3" X_Location="11609" Y_Location="180" Layer="14" Damage_Type="2" Damage="11" Frequency="2" Speed="-1" Organ_Angle="-1" Backdrop="-1"/>
	<mission Organ_Id="20" Fb_Id="204" Organ_Type="5" X_Location="13213" Y_Location="1287" Layer="14" Damage_Type="2" Damage="11" Frequency="2" Speed="-1" Organ_Angle="-1" Backdrop="-1"/>
	<mission Organ_Id="21" Fb_Id="204" Organ_Type="3" X_Location="13913" Y_Location="-641" Layer="14" Damage_Type="2" Damage="11" Frequency="2" Speed="-1" Organ_Angle="-1" Backdrop="-1"/>
	<mission Organ_Id="22" Fb_Id="204" Organ_Type="1" X_Location="14705" Y_Location="530" Layer="14" Damage_Type="2" Damage="11" Frequency="0" Speed="-90" Organ_Angle="-1" Backdrop="-1"/>
	<mission Organ_Id="23" Fb_Id="204" Organ_Type="1" X_Location="14124" Y_Location="-57" Layer="14" Damage_Type="2" Damage="11" Frequency="0" Speed="90" Organ_Angle="-1" Backdrop="-1"/>
	<mission Organ_Id="24" Fb_Id="204" Organ_Type="1" X_Location="15413" Y_Location="84" Layer="14" Damage_Type="2" Damage="11" Frequency="0" Speed="-90" Organ_Angle="-1" Backdrop="-1"/>
</Config>
