<?xml version="1.0" encoding="UTF-8"?>
<Config>
	<type_skill ID="500101" name="能量脉冲" icon="skillIcon1" heroType="1" intro="1" requirLv="1" level="1" maxLevel="10" lvUpGold="100" lvUpDiamond="0" CD="20" SP="20" effectID="101" actionType="1" damType="1" dam="100" duration="5" sumType="2"/>
	<type_skill ID="500102" name="能量脉冲" icon="skillIcon1" heroType="1" intro="1" requirLv="5" level="2" maxLevel="10" lvUpGold="300" lvUpDiamond="0" CD="20" SP="20" effectID="101" actionType="1" damType="1" dam="130" duration="5" sumType="2"/>
	<type_skill ID="500103" name="能量脉冲" icon="skillIcon1" heroType="1" intro="1" requirLv="9" level="3" maxLevel="10" lvUpGold="600" lvUpDiamond="0" CD="20" SP="20" effectID="101" actionType="1" damType="1" dam="170" duration="5" sumType="2"/>
	<type_skill ID="500104" name="能量脉冲" icon="skillIcon1" heroType="1" intro="1" requirLv="13" level="4" maxLevel="10" lvUpGold="1000" lvUpDiamond="0" CD="20" SP="20" effectID="101" actionType="1" damType="1" dam="220" duration="5" sumType="2"/>
	<type_skill ID="500105" name="能量脉冲" icon="skillIcon1" heroType="1" intro="1" requirLv="17" level="5" maxLevel="10" lvUpGold="1500" lvUpDiamond="0" CD="20" SP="20" effectID="101" actionType="1" damType="1" dam="290" duration="5" sumType="2"/>
	<type_skill ID="500106" name="能量脉冲" icon="skillIcon1" heroType="1" intro="1" requirLv="21" level="6" maxLevel="10" lvUpGold="2100" lvUpDiamond="0" CD="20" SP="20" effectID="101" actionType="1" damType="1" dam="390" duration="5" sumType="2"/>
	<type_skill ID="500107" name="能量脉冲" icon="skillIcon1" heroType="1" intro="1" requirLv="25" level="7" maxLevel="10" lvUpGold="3000" lvUpDiamond="0" CD="20" SP="20" effectID="101" actionType="1" damType="1" dam="550" duration="5" sumType="2"/>
	<type_skill ID="500108" name="能量脉冲" icon="skillIcon1" heroType="1" intro="1" requirLv="29" level="8" maxLevel="10" lvUpGold="4500" lvUpDiamond="0" CD="20" SP="20" effectID="101" actionType="1" damType="1" dam="750" duration="5" sumType="2"/>
	<type_skill ID="500109" name="能量脉冲" icon="skillIcon1" heroType="1" intro="1" requirLv="33" level="9" maxLevel="10" lvUpGold="8000" lvUpDiamond="0" CD="20" SP="20" effectID="101" actionType="1" damType="1" dam="1000" duration="5" sumType="2"/>
	<type_skill ID="500110" name="能量脉冲" icon="skillIcon1" heroType="1" intro="1" requirLv="37" level="10" maxLevel="10" lvUpGold="0" lvUpDiamond="0" CD="20" SP="20" effectID="101" actionType="1" damType="1" dam="1500" duration="5" sumType="2"/>
	<type_skill ID="500201" name="召唤元素兽" icon="skillIcon2" heroType="1" intro="1" requirLv="10" level="1" maxLevel="10" lvUpGold="100" lvUpDiamond="0" CD="20" SP="20" effectID="102" actionType="2" damType="1" dam="100" duration="5" sumType="1"/>
	<type_skill ID="500202" name="召唤元素兽" icon="skillIcon2" heroType="1" intro="1" requirLv="15" level="2" maxLevel="10" lvUpGold="300" lvUpDiamond="0" CD="20" SP="20" effectID="102" actionType="2" damType="1" dam="130" duration="5" sumType="1"/>
	<type_skill ID="500203" name="召唤元素兽" icon="skillIcon2" heroType="1" intro="1" requirLv="20" level="3" maxLevel="10" lvUpGold="600" lvUpDiamond="0" CD="20" SP="20" effectID="102" actionType="2" damType="1" dam="170" duration="5" sumType="1"/>
	<type_skill ID="500204" name="召唤元素兽" icon="skillIcon2" heroType="1" intro="1" requirLv="25" level="4" maxLevel="10" lvUpGold="1000" lvUpDiamond="0" CD="20" SP="20" effectID="102" actionType="2" damType="1" dam="220" duration="5" sumType="1"/>
	<type_skill ID="500205" name="召唤元素兽" icon="skillIcon2" heroType="1" intro="1" requirLv="30" level="5" maxLevel="10" lvUpGold="1500" lvUpDiamond="0" CD="20" SP="20" effectID="102" actionType="2" damType="1" dam="290" duration="5" sumType="1"/>
	<type_skill ID="500206" name="召唤元素兽" icon="skillIcon2" heroType="1" intro="1" requirLv="35" level="6" maxLevel="10" lvUpGold="2100" lvUpDiamond="0" CD="20" SP="20" effectID="102" actionType="2" damType="1" dam="390" duration="5" sumType="1"/>
	<type_skill ID="500207" name="召唤元素兽" icon="skillIcon2" heroType="1" intro="1" requirLv="40" level="7" maxLevel="10" lvUpGold="3000" lvUpDiamond="0" CD="20" SP="20" effectID="102" actionType="2" damType="1" dam="550" duration="5" sumType="1"/>
	<type_skill ID="500208" name="召唤元素兽" icon="skillIcon2" heroType="1" intro="1" requirLv="45" level="8" maxLevel="10" lvUpGold="4500" lvUpDiamond="0" CD="20" SP="20" effectID="102" actionType="2" damType="1" dam="750" duration="5" sumType="1"/>
	<type_skill ID="500209" name="召唤元素兽" icon="skillIcon2" heroType="1" intro="1" requirLv="50" level="9" maxLevel="10" lvUpGold="8000" lvUpDiamond="0" CD="20" SP="20" effectID="102" actionType="2" damType="1" dam="1000" duration="5" sumType="1"/>
	<type_skill ID="500210" name="召唤元素兽" icon="skillIcon2" heroType="1" intro="1" requirLv="55" level="10" maxLevel="10" lvUpGold="0" lvUpDiamond="0" CD="20" SP="20" effectID="102" actionType="2" damType="1" dam="1500" duration="5" sumType="1"/>
	<type_skill ID="500301" name="魔法守卫" icon="skillIcon3" heroType="1" intro="1" requirLv="20" level="1" maxLevel="10" lvUpGold="100" lvUpDiamond="0" CD="20" SP="20" effectID="103" actionType="2" damType="1" dam="100" duration="5" sumType="1"/>
	<type_skill ID="500302" name="魔法守卫" icon="skillIcon3" heroType="1" intro="1" requirLv="24" level="2" maxLevel="10" lvUpGold="300" lvUpDiamond="0" CD="20" SP="20" effectID="103" actionType="2" damType="1" dam="130" duration="5" sumType="1"/>
	<type_skill ID="500303" name="魔法守卫" icon="skillIcon3" heroType="1" intro="1" requirLv="28" level="3" maxLevel="10" lvUpGold="600" lvUpDiamond="0" CD="20" SP="20" effectID="103" actionType="2" damType="1" dam="170" duration="5" sumType="1"/>
	<type_skill ID="500304" name="魔法守卫" icon="skillIcon3" heroType="1" intro="1" requirLv="32" level="4" maxLevel="10" lvUpGold="1000" lvUpDiamond="0" CD="20" SP="20" effectID="103" actionType="2" damType="1" dam="220" duration="5" sumType="1"/>
	<type_skill ID="500305" name="魔法守卫" icon="skillIcon3" heroType="1" intro="1" requirLv="36" level="5" maxLevel="10" lvUpGold="1500" lvUpDiamond="0" CD="20" SP="20" effectID="103" actionType="2" damType="1" dam="290" duration="5" sumType="1"/>
	<type_skill ID="500306" name="魔法守卫" icon="skillIcon3" heroType="1" intro="1" requirLv="40" level="6" maxLevel="10" lvUpGold="2100" lvUpDiamond="0" CD="20" SP="20" effectID="103" actionType="2" damType="1" dam="390" duration="5" sumType="1"/>
	<type_skill ID="500307" name="魔法守卫" icon="skillIcon3" heroType="1" intro="1" requirLv="44" level="7" maxLevel="10" lvUpGold="3000" lvUpDiamond="0" CD="20" SP="20" effectID="103" actionType="2" damType="1" dam="550" duration="5" sumType="1"/>
	<type_skill ID="500308" name="魔法守卫" icon="skillIcon3" heroType="1" intro="1" requirLv="48" level="8" maxLevel="10" lvUpGold="4500" lvUpDiamond="0" CD="20" SP="20" effectID="103" actionType="2" damType="1" dam="750" duration="5" sumType="1"/>
	<type_skill ID="500309" name="魔法守卫" icon="skillIcon3" heroType="1" intro="1" requirLv="52" level="9" maxLevel="10" lvUpGold="8000" lvUpDiamond="0" CD="20" SP="20" effectID="103" actionType="2" damType="1" dam="1000" duration="5" sumType="1"/>
	<type_skill ID="500310" name="魔法守卫" icon="skillIcon3" heroType="1" intro="1" requirLv="56" level="10" maxLevel="10" lvUpGold="0" lvUpDiamond="0" CD="20" SP="20" effectID="103" actionType="2" damType="1" dam="1500" duration="5" sumType="1"/>
	<type_skill ID="500401" name="元素结界" icon="skillIcon4" heroType="1" intro="1" requirLv="30" level="1" maxLevel="10" lvUpGold="100" lvUpDiamond="0" CD="20" SP="20" effectID="104" actionType="3" damType="1" dam="100" duration="5" sumType="1"/>
	<type_skill ID="500402" name="元素结界" icon="skillIcon4" heroType="1" intro="1" requirLv="33" level="2" maxLevel="10" lvUpGold="300" lvUpDiamond="0" CD="20" SP="20" effectID="104" actionType="3" damType="1" dam="130" duration="5" sumType="1"/>
	<type_skill ID="500403" name="元素结界" icon="skillIcon4" heroType="1" intro="1" requirLv="36" level="3" maxLevel="10" lvUpGold="600" lvUpDiamond="0" CD="20" SP="20" effectID="104" actionType="3" damType="1" dam="170" duration="5" sumType="1"/>
	<type_skill ID="500404" name="元素结界" icon="skillIcon4" heroType="1" intro="1" requirLv="39" level="4" maxLevel="10" lvUpGold="1000" lvUpDiamond="0" CD="20" SP="20" effectID="104" actionType="3" damType="1" dam="220" duration="5" sumType="1"/>
	<type_skill ID="500405" name="元素结界" icon="skillIcon4" heroType="1" intro="1" requirLv="42" level="5" maxLevel="10" lvUpGold="1500" lvUpDiamond="0" CD="20" SP="20" effectID="104" actionType="3" damType="1" dam="290" duration="5" sumType="1"/>
	<type_skill ID="500406" name="元素结界" icon="skillIcon4" heroType="1" intro="1" requirLv="45" level="6" maxLevel="10" lvUpGold="2100" lvUpDiamond="0" CD="20" SP="20" effectID="104" actionType="3" damType="1" dam="390" duration="5" sumType="1"/>
	<type_skill ID="500407" name="元素结界" icon="skillIcon4" heroType="1" intro="1" requirLv="48" level="7" maxLevel="10" lvUpGold="3000" lvUpDiamond="0" CD="20" SP="20" effectID="104" actionType="3" damType="1" dam="550" duration="5" sumType="1"/>
	<type_skill ID="500408" name="元素结界" icon="skillIcon4" heroType="1" intro="1" requirLv="51" level="8" maxLevel="10" lvUpGold="4500" lvUpDiamond="0" CD="20" SP="20" effectID="104" actionType="3" damType="1" dam="750" duration="5" sumType="1"/>
	<type_skill ID="500409" name="元素结界" icon="skillIcon4" heroType="1" intro="1" requirLv="54" level="9" maxLevel="10" lvUpGold="8000" lvUpDiamond="0" CD="20" SP="20" effectID="104" actionType="3" damType="1" dam="1000" duration="5" sumType="1"/>
	<type_skill ID="500410" name="元素结界" icon="skillIcon4" heroType="1" intro="1" requirLv="57" level="10" maxLevel="10" lvUpGold="0" lvUpDiamond="0" CD="20" SP="20" effectID="104" actionType="3" damType="1" dam="1500" duration="5" sumType="1"/>
	<type_skill ID="500501" name="幻术陨石" icon="skillIcon5" heroType="1" intro="1" requirLv="40" level="1" maxLevel="10" lvUpGold="100" lvUpDiamond="0" CD="20" SP="20" effectID="105" actionType="2" damType="1" dam="100" duration="5" sumType="2"/>
	<type_skill ID="500502" name="幻术陨石" icon="skillIcon5" heroType="1" intro="1" requirLv="42" level="2" maxLevel="10" lvUpGold="300" lvUpDiamond="0" CD="20" SP="20" effectID="105" actionType="2" damType="1" dam="130" duration="5" sumType="2"/>
	<type_skill ID="500503" name="幻术陨石" icon="skillIcon5" heroType="1" intro="1" requirLv="44" level="3" maxLevel="10" lvUpGold="600" lvUpDiamond="0" CD="20" SP="20" effectID="105" actionType="2" damType="1" dam="170" duration="5" sumType="2"/>
	<type_skill ID="500504" name="幻术陨石" icon="skillIcon5" heroType="1" intro="1" requirLv="46" level="4" maxLevel="10" lvUpGold="1000" lvUpDiamond="0" CD="20" SP="20" effectID="105" actionType="2" damType="1" dam="220" duration="5" sumType="2"/>
	<type_skill ID="500505" name="幻术陨石" icon="skillIcon5" heroType="1" intro="1" requirLv="48" level="5" maxLevel="10" lvUpGold="1500" lvUpDiamond="0" CD="20" SP="20" effectID="105" actionType="2" damType="1" dam="290" duration="5" sumType="2"/>
	<type_skill ID="500506" name="幻术陨石" icon="skillIcon5" heroType="1" intro="1" requirLv="50" level="6" maxLevel="10" lvUpGold="2100" lvUpDiamond="0" CD="20" SP="20" effectID="105" actionType="2" damType="1" dam="390" duration="5" sumType="2"/>
	<type_skill ID="500507" name="幻术陨石" icon="skillIcon5" heroType="1" intro="1" requirLv="52" level="7" maxLevel="10" lvUpGold="3000" lvUpDiamond="0" CD="20" SP="20" effectID="105" actionType="2" damType="1" dam="550" duration="5" sumType="2"/>
	<type_skill ID="500508" name="幻术陨石" icon="skillIcon5" heroType="1" intro="1" requirLv="54" level="8" maxLevel="10" lvUpGold="4500" lvUpDiamond="0" CD="20" SP="20" effectID="105" actionType="2" damType="1" dam="750" duration="5" sumType="2"/>
	<type_skill ID="500509" name="幻术陨石" icon="skillIcon5" heroType="1" intro="1" requirLv="56" level="9" maxLevel="10" lvUpGold="8000" lvUpDiamond="0" CD="20" SP="20" effectID="105" actionType="2" damType="1" dam="1000" duration="5" sumType="2"/>
	<type_skill ID="500510" name="幻术陨石" icon="skillIcon5" heroType="1" intro="1" requirLv="58" level="10" maxLevel="10" lvUpGold="0" lvUpDiamond="0" CD="20" SP="20" effectID="105" actionType="2" damType="1" dam="1500" duration="5" sumType="2"/>
	<type_skill ID="500601" name="法力链鞭" icon="skillIcon6" heroType="1" intro="1" requirLv="50" level="1" maxLevel="10" lvUpGold="100" lvUpDiamond="0" CD="20" SP="20" effectID="106" actionType="2" damType="1" dam="100" duration="5" sumType="2"/>
	<type_skill ID="500602" name="法力链鞭" icon="skillIcon6" heroType="1" intro="1" requirLv="51" level="2" maxLevel="10" lvUpGold="300" lvUpDiamond="0" CD="20" SP="20" effectID="106" actionType="2" damType="1" dam="130" duration="5" sumType="2"/>
	<type_skill ID="500603" name="法力链鞭" icon="skillIcon6" heroType="1" intro="1" requirLv="52" level="3" maxLevel="10" lvUpGold="600" lvUpDiamond="0" CD="20" SP="20" effectID="106" actionType="2" damType="1" dam="170" duration="5" sumType="2"/>
	<type_skill ID="500604" name="法力链鞭" icon="skillIcon6" heroType="1" intro="1" requirLv="53" level="4" maxLevel="10" lvUpGold="1000" lvUpDiamond="0" CD="20" SP="20" effectID="106" actionType="2" damType="1" dam="220" duration="5" sumType="2"/>
	<type_skill ID="500605" name="法力链鞭" icon="skillIcon6" heroType="1" intro="1" requirLv="54" level="5" maxLevel="10" lvUpGold="1500" lvUpDiamond="0" CD="20" SP="20" effectID="106" actionType="2" damType="1" dam="290" duration="5" sumType="2"/>
	<type_skill ID="500606" name="法力链鞭" icon="skillIcon6" heroType="1" intro="1" requirLv="55" level="6" maxLevel="10" lvUpGold="2100" lvUpDiamond="0" CD="20" SP="20" effectID="106" actionType="2" damType="1" dam="390" duration="5" sumType="2"/>
	<type_skill ID="500607" name="法力链鞭" icon="skillIcon6" heroType="1" intro="1" requirLv="56" level="7" maxLevel="10" lvUpGold="3000" lvUpDiamond="0" CD="20" SP="20" effectID="106" actionType="2" damType="1" dam="550" duration="5" sumType="2"/>
	<type_skill ID="500608" name="法力链鞭" icon="skillIcon6" heroType="1" intro="1" requirLv="57" level="8" maxLevel="10" lvUpGold="4500" lvUpDiamond="0" CD="20" SP="20" effectID="106" actionType="2" damType="1" dam="750" duration="5" sumType="2"/>
	<type_skill ID="500609" name="法力链鞭" icon="skillIcon6" heroType="1" intro="1" requirLv="58" level="9" maxLevel="10" lvUpGold="8000" lvUpDiamond="0" CD="20" SP="20" effectID="106" actionType="2" damType="1" dam="1000" duration="5" sumType="2"/>
	<type_skill ID="500610" name="法力链鞭" icon="skillIcon6" heroType="1" intro="1" requirLv="59" level="10" maxLevel="10" lvUpGold="0" lvUpDiamond="0" CD="20" SP="20" effectID="106" actionType="2" damType="1" dam="1500" duration="5" sumType="2"/>
</Config>
